,precision,recall,f1-score,support
correct,0.4393305439330544,0.3488372093023256,0.3888888888888889,301.0
contradictory,0.2,0.140625,0.1651376146788991,64.0
incorrect,0.5256124721603563,0.6413043478260869,0.5777233782129743,368.0
accuracy,0.47748976807639837,0.47748976807639837,0.47748976807639837,0.47748976807639837
macro avg,0.3883143386978036,0.37692218570947084,0.37724996059358745,733.0
weighted avg,0.4617515463558806,0.47748976807639837,0.46415629751347837,733.0
