,precision,recall,f1-score,support
correct,0.756140350877193,0.22483046426708397,0.3466023321270607,1917.0
contradictory,0.10216110019646366,0.24940047961630696,0.14494773519163764,417.0
incorrect,0.46503026227303296,0.6207360861759426,0.5317185697808535,2228.0
accuracy,0.4204296361245068,0.4204296361245068,0.4204296361245068,0.4204296361245068
macro avg,0.4411105711155632,0.36498901001977785,0.3410895456998506,4562.0
weighted avg,0.5541888767553313,0.4204296361245068,0.4185771262021547,4562.0
