,precision,recall,f1-score,support
correct,0.6751592356687898,0.3521594684385382,0.462882096069869,301.0
contradictory,0.09852216748768473,0.3125,0.149812734082397,64.0
incorrect,0.4691689008042895,0.47554347826086957,0.47233468286099867,368.0
accuracy,0.4106412005457026,0.4106412005457026,0.4106412005457026,0.4106412005457026
macro avg,0.41428343465358797,0.38006764889980255,0.36167650433775494,733.0
weighted avg,0.5213949579147287,0.4106412005457026,0.4402928911202612,733.0
