,precision,recall,f1-score,support
correct,0.6699029126213593,0.592274678111588,0.6287015945330297,233.0
contradictory,0.3684210526315789,0.2413793103448276,0.2916666666666667,58.0
incorrect,0.6148648648648649,0.7309236947791165,0.6678899082568808,249.0
accuracy,0.6185185185185185,0.6185185185185185,0.6185185185185185,0.6185185185185185
macro avg,0.551062943372601,0.521525894411844,0.529419389818859,540.0
weighted avg,0.6121428723051104,0.6185185185185185,0.6105717136089368,540.0
