,precision,recall,f1-score,support
correct,0.6574074074074074,0.23588039867109634,0.3471882640586797,301.0
contradictory,0.10493827160493827,0.265625,0.1504424778761062,64.0
incorrect,0.4535637149028078,0.5706521739130435,0.5054151624548736,368.0
accuracy,0.40654843110504774,0.40654843110504774,0.40654843110504774,0.40654843110504774
macro avg,0.4053031313050512,0.35738585752804664,0.3343486347965532,733.0
weighted avg,0.506831004224528,0.40654843110504774,0.4094471566836656,733.0
