,precision,recall,f1-score,support
correct,0.7424242424242424,0.21030042918454936,0.3277591973244147,233.0
contradictory,0.11057692307692307,0.39655172413793105,0.17293233082706766,58.0
incorrect,0.38721804511278196,0.41365461847389556,0.4,249.0
accuracy,0.32407407407407407,0.32407407407407407,0.32407407407407407,0.32407407407407407
macro avg,0.4134064035379825,0.34016892393212533,0.30023050938382745,540.0
weighted avg,0.5107696356599866,0.32407407407407407,0.3444406817862196,540.0
