,precision,recall,f1-score,support
correct,0.7172582619339045,0.30568596765779865,0.4286759326993416,1917.0
contradictory,0.10352588147036759,0.33093525179856115,0.15771428571428572,417.0
incorrect,0.4577114427860697,0.4955116696588869,0.47586206896551725,2228.0
accuracy,0.40070144673388863,0.40070144673388863,0.40070144673388863,0.40070144673388863
macro avg,0.4261651953967806,0.3773776297050822,0.3540840957930482,4562.0
weighted avg,0.5344005864155636,0.40070144673388863,0.42695293945257945,4562.0
