,precision,recall,f1-score,support
correct,0.75,0.11587982832618025,0.20074349442379183,233.0
contradictory,0.11976047904191617,0.3448275862068966,0.17777777777777778,58.0
incorrect,0.3916913946587537,0.5301204819277109,0.45051194539249145,249.0
accuracy,0.3314814814814815,0.3314814814814815,0.3314814814814815,0.3314814814814815
macro avg,0.4204839579002233,0.3302759654869292,0.27634440586468706,540.0
weighted avg,0.5170875278786311,0.3314814814814815,0.3134478142862685,540.0
