,precision,recall,f1-score,support
correct,0.4491362763915547,0.12206572769953052,0.19196062346185397,1917.0
contradictory,0.09836065573770492,0.15827338129496402,0.1213235294117647,417.0
incorrect,0.48456973293768546,0.7329443447037702,0.5834226509467667,2228.0
accuracy,0.42371766768960983,0.42371766768960983,0.42371766768960983,0.42371766768960983
macro avg,0.34402222168898167,0.3377611512327549,0.2989022679401285,4562.0
weighted avg,0.43437790448715397,0.42371766768960983,0.3766869998357028,4562.0
