,precision,recall,f1-score,support
correct,0.725,0.6223175965665236,0.6697459584295612,233.0
contradictory,0.3069306930693069,0.5344827586206896,0.389937106918239,58.0
incorrect,0.6736401673640168,0.6465863453815262,0.6598360655737705,249.0
accuracy,0.6240740740740741,0.6240740740740741,0.6240740740740741,0.6240740740740741
macro avg,0.5685236201444411,0.6011289001895798,0.5731730436405236,540.0
weighted avg,0.6564136701327037,0.6240740740740741,0.6351228534133602,540.0
