,precision,recall,f1-score,support
correct,0.6297918948521358,0.5998956703182056,0.6144803633449105,1917.0
contradictory,0.19938650306748465,0.3117505995203837,0.2432179607109448,417.0
incorrect,0.6564299424184261,0.6140035906642729,0.634508348794063,2228.0
accuracy,0.580447172292854,0.580447172292854,0.580447172292854,0.580447172292854
macro avg,0.4952027801126822,0.508549953500954,0.4974022242833061,4562.0
weighted avg,0.6034592603943312,0.580447172292854,0.590325591245469,4562.0
