,precision,recall,f1-score,support
correct,0.5541795665634675,0.5946843853820598,0.5737179487179487,301.0
contradictory,0.18691588785046728,0.3125,0.23391812865497075,64.0
incorrect,0.6204620462046204,0.5108695652173914,0.5603576751117735,368.0
accuracy,0.5279672578444747,0.5279672578444747,0.5279672578444747,0.5279672578444747
macro avg,0.45385250020618506,0.47268465019981704,0.45599791749489765,733.0
weighted avg,0.555389767205094,0.5279672578444747,0.5373417288392269,733.0
